{
    "step": 10,
    "eval_loss": 0.543589174747467,
    "eval_accuracy": 0.75,
    "eval_runtime": 0.0414,
    "eval_samples_per_second": 386.363,
    "eval_steps_per_second": 24.148,
    "epoch": 10.0,
    "train_runtime": 26.3613,
    "train_samples_per_second": 54.626,
    "train_steps_per_second": 6.828,
    "train_loss": 0.6354972839355468
}